question,cat
"Like many AUX, the Lombard has S or Lombards",devices
Is there still the Monaco 1?,devices
Show me Comfort Pro P 500 devices,devices
which connection options does the Ergotel s have with pear pushbuttons?,devices
Show me all the colors for the Actron Card,devices
I&#39;m looking for a garnet 1 phone,devices
Which SIM card is in the Google Pixel?,devices
What is the purchase price for speedort W724 v,devices
What weighs a Samsung phone?,devices
What is the bottom line between the Google Pixel and the Pixel XL?,devices
Show me devices with a data memory of at least 64GB,devices
Show me all foreign booking options,devices
How is the purchase price of the Speedport Smart,devices
where can i find the simcard slot on the alcatel 2480?,devices
Show me all devices with a 13-megapixel main and 8-megapixel front camera,devices
how much does google pixel?,devices
are there lenovos with widescreen?,devices
Is the Speedport Hybrid VDSL capable?,devices
How much RAM do the Samsung Galaxy models have,devices
What is the resolution of Apple devices?,devices
What is the range in the building at the Speedport W721 V?,devices
In which space variants there is the iPhone 7,devices
Is the S6 from Samsung LTE-capable?,devices
Does the mr401 have a timeshift function?,devices
Show me all smartphones with a display size of minimum 14 cm,devices
Which smartphone is suitable for seniors,devices
what is the purchase price of speedports,devices
How much RAM do the Samsung Galaxy models have?,devices
What is the rental price of the Speedport 921?,devices
Which routers have a WPS function?,devices
What does the Media Receiver cost in the service package?,devices
Show me all huaweis or htcs or the googles in space gray,devices
How much does the Speedport smart cost?,devices
Which charging cable do I need for a Play or Nova?,devices
Which operating system is on the Google Pixel?,devices
How much does the Speedport Smart cost in the service package?,devices
How much does the edge weigh?,devices
Which iPhone models are available in Pink,devices
fingerprint,devices
Show me all cases for Samsung devices,devices
and is that in 64GB of RAM,devices
How many hours can I watch videos with Lumia?,devices
Are there any accessories for the XCompact?,devices
Show me all the headphones for Apple devices,devices
Which smartphones can be equipped with a memory card?,devices
Where can I find the NFC chip?,devices
Which cell phones are available in red or coral?,devices
What is the purchase price for speedport W724 v,devices
How much is the speedport?,devices
Which phones is Android preinstalled on?,devices
is the iPhone 7 waterproof?,devices
which galaxys have digital zoom?,devices
Which Android smartphones have 4 GB of RAM and an optional memory extension?,devices
Which LTE frequencies does the iPhone 7 support?,devices
"And is there a Nokia or Samsung or Sony mobile phone with 64GB of memory and maximum resolution of 1,280 x 720 pixels and 13 megapixel camera?",devices
which battery is in the Xperia,devices
What do I pay for a media receiver with removable hard drive?,devices
galaxys in,devices
Is there in cell phone in black?,devices
Is the router Speedport W 724V still in distribution?,devices
Are there dual SIM phones in the telecom?,devices
How much is the iphone 6s without a contract?,devices
how expensive is a mate 9,devices
Sony mobile phone with at least 12h battery life,devices
galaxy,devices
is there the desire in white,devices
What is the purchase price for media receivers?,devices
When will the Samsung Galaxy Tab A 10.1 be available?,devices
What color does the Speedport Smart have?,devices
show me htcs in gray,devices
do galaxys or s8 have optional memory expansions?,devices
which wireless range outdoor has the speedport hybrid,devices
What is the runtime for receiver and router,devices
iphone in brown,devices
Show me HTC or Huawei smartphones with LCD display,devices
on which frequency does the laptop run from the HTC desire?,devices
Which devices are currently available?,devices
which galaxys in brown,devices
iPhone works with the LTE and what is the frequency band,devices
Where is the Sony phone with the SIM card?,devices
Which routers are suitable for hybrid connection,devices
Which routers are suitable for fiber optics,devices
what is the price for a service package for a wireless router,devices
audio maturity,devices
are there galaxys in blue?,devices
What is the purchase price of the Speedport Hybrid?,devices
and what are 64GB memory or 1.8 inch display models or other devices in gold or blue?,devices
Show receiver with removable hard disk,devices
What do I pay for an iPad?,devices
Which HTC Ones or P10 have Android 4 or higher?,devices
htc desire mit micro sim,devices
How much is the rent of the Speedport Smart?,devices
Which router is available without additional payment,devices
What is MagentaEINS?,devices
In which colors is there a Huawei nova?,devices
is there a cellphone in black or blue,devices
is there lumias with tft display?,devices
How long is the fiberglass connection cable of the Speedport Smart?,devices
Show me accessories for Lenovo Devices.,devices
Which OS is Alcatel phones?,devices
How much does the Speedport W724v cost?,devices
has the camera in the iphone 7 plus a flash?,devices
Which operating system does the Speedstick LTE 5 work with?,devices
Which devices have less than 0.9 SAR value?,devices
Does the iphone 6s HD Voice?,devices
What is the price of the Iphone 7 without a contract,devices
show me lenovo or microsoft with touch ID,devices
Which routers are suitable for a hybrid connection,devices
How long is the contract term for Speeport Hybrid?,devices
Which Android smartphones have 4GB of memory and an optional memory extension?,devices
Show me Iphones or Samsung devices with display diagonal larger than 3 inches,devices
In which colors is the Huawei P10 available?,devices
What is the delivery price for media receivers?,devices
Galaxys in braun,devices
Speedport,devices
which Samsung devices have more than 128Gb of memory?,devices
Welchess Smartphone can VDSL,devices
Which speedports are available for a maximum of 80 euros,devices
how high is the price of the Speedport Hybrid,devices
which hats are available in green or brown or gray,devices
How long is the contract term for a Speedport Hybrid or Smart?,devices
How long is the contract period for renting a hybrid router,devices
How many USB ports does the Zyxel have?,devices
How much does the Speedport LTE cost?,devices
When can I extend a contract for the Speedport 724v?,devices
How much does the Speedport Hybrid cost in the service package?,devices
Which Alcatel products are currently being marketed,devices
Which receivers cost a maximum of 29 € for rent,devices
What kind of SIM card does the iPhone 5s have and how much does it emit?,devices
How much does the Speedport Hybrid cost in the service package?,devices
How many slots does the Speedport W 921V Fiber have,devices
How much is a replacement charging cable for Huawei smartphones?,devices
How much does the speedport smart cost in the service package?,devices
Which mobile phone has more than 2 inches of display diagonal?,devices
how much does a headset cost for the blackberry,devices
which sonys are there in pink?,devices
Show me all promotions from 2016,devices
Are there any mobile phones that support WLAN calls and LTE or VoLTE?,devices
When is the Google Pixel available again,devices
Show me all processors on mobile phones,devices
Which devices cost no more than 69 euros for the deployment?,devices
Show all ip enabled routers,devices
Which SIM card comes in the Galaxy S7?,devices
What is the purchase price of the MR 400?,devices
Which SIM must be in Blackberry classic,devices
What alternatives are there from the Speedport W 724V?,devices
What is the resolution of the front camera on the Huawei E5577c?,devices
Show sales-active Speedport with a DECT base,devices
Which HTC models cost less than 400 €?,devices
How long is the runtime for the media receiver 400?,devices
how many MHz does the frequency of the LTE have from the Galaxy,devices
In what colors is the Kodak Ektra available?,devices
Smartphone with Android 5,devices
Which iPhone models are available in black,devices
are there any other sim formats other than nano and micro?,devices
Which devices have DualSIM?,devices
Are there still phones with SIM card format Classic SIM?,devices
How long is the notice period for the MR 400?,devices
Which devices support HDvoice,devices
Does the Speedport W724V operate IP-based connections?,devices
do huaweigeräte have a camera with optical zoom?,devices
What do I pay for a router including service package,devices
What is the SAR value for a Galaxy S7 Edge?,devices
How big is the memory of the Samsung Galaxy S7?,devices
Which devices have IP68 certification?,devices
Which ioS version is on the latest iPhones on it,devices
Can I use the speedportW724V with IP?,devices
Which smartphones are outdoor-compatible and use the Android operating system?,devices
what is the deployment price for the media receiver 300,devices
Does the Lenovo C2 have a fast-charge function?,devices
which mobile phones support LTE,devices
Which iPhone or Galaxy devices are available in gold or with a touch screen?,devices
Show me the cheapest smartphone that has at least a camera of 8 megapixels and goes outdoors,devices
what does it cost if I want to buy the speedport hybrid,devices
What do you pay for the router service package,devices
what is the deployment price at a speed haven?,devices
When will the new smartphone come out in coral?,devices
What is the rental price of the Speeport 921,devices
supports the pixel of Google HD Voice?,devices
Which iPhone models are available in gold,devices
Speedport W724V on the IP-based connection?,devices
Can I replace the battery of the Samsung Galaxy A5 selbstständing,devices
Which speedports are currently in the portfolio,devices
is there an ipad with amoled display?,devices
How much does the Speedport smart cost?,devices
What do you pay for the rental of digital receivers,devices
has the nova or the edge 3D Touch?,devices
Speedport W 724v ip capable,devices
Which smartphones are outdoor suitable and the operating system Android?,devices
Why is the Apple iPhone 7 Plus 128 GB in gold late in delivery?,devices
Which charging cable is used for Apple?,devices
Show me all phones with NFC chip and lte,devices
What is the purchase price of media receivers,devices
What is the simcard format at Novas?,devices
Show me hardware that is suitable for LTE,devices
Which devices are suitable for video streaming?,devices
which samsung have a fingerprint sensor,devices
show me anthracite colored htc,devices
does the Samsung A3 HDVoice have?,devices
In which colors is the iPhone 7,devices
Does the Samsung Galaxy A3 have an expandable memory,devices
What do I pay for a desire,devices
Which cases are there for Samsung devices?,devices
Show me all 64GB Memory Outdoor Smartphones in Gold by Apple.,devices
Which devices have at least 4 GB of RAM and are not from Samsung?,devices
Does the Xperia have a front camera or a main camera?,devices
is there a huawei in white?,devices
is there a black device with LTE?,devices
How much is the rent of a receiver?,devices
Is the HTC WLAN Call capable?,devices
Show me the cheapest smartphone that has at least a camera of 8 megapixels,devices
Which Samsung devices have an edge display?,devices
What is the purchase price of the Fire Phone or Galaxy A3,devices
how expensive is the galaxy,devices
What do you pay for wireless router,devices
Which smartphones have a SIMlock?,devices
Are there any routers that support LTE?,devices
What is the purchase price of the Speedport Hybrid?,devices
there are blue ones; green or golden cell phones?,devices
Which speedports are currently in the portfolio?,devices
there is the desire in light blue or orange,devices
Which smartphones have a 13 megapixel camera?,devices
On which routers can I set up a dynamic DNS server?,devices
Which camera has at least 4x zoom and 1280px,devices
what does the galaxy tab A cost?,devices
Show me all outdoor smartphones,devices
Show me sony ericsons in yellow,devices
Which Samsung smartphone has at least a memory of 32 GB,devices
does the mate have a replaceable battery?,devices
screen,devices
Can you tell me how heavy the phone actually is?,devices
What weighs a Samsung phone with 1gb of RAM,devices
Which receivers cost a maximum of 29 € for the provision?,devices
Which devices work with Wlan Call?,devices
Is the Huawei P10 Plus waterproof?,devices
supports the Samsung A3 HD Voice?,devices
Does the Lumia have NFC?,devices
Which Google mobile phones have touchID,devices
Which devices do not have a fingerprint scanner?,devices
What does the Digibox Premium cost?,devices
How big is the iphone,devices
Show me Xperias with li-ion battery,devices
Show me all Mates or Motos with NFC chip,devices
What is the rental price for the MR 301?,devices
Which devices have a fingerprint scanner?,devices
is the pixel synonymous with qwerty keyboard?,devices
Are the nylon wristbands of the Apple Watch washable?,devices
Does the Apple Watch series 1 have a wireless charging function?,devices
Can I operate the Apple Watch without a SIM card?,devices
Do I have to insert a card in an Apple Watch?,devices
Can I run the Applewatch GPS-only?,devices
Can I read messages with the Watch Series 1 WhatsApp?,devices
Is the bracelet of Apple Watch 3 waterproof?,devices
Are Apple&#39;s smartwatches suitable for water activities?,devices
Is the strap of the Samsung Gear waterproof?,devices
Can I swim with the Apple Watsch?,devices
Which bracelet colors are there for Applewatch?,devices
Is the bracelet from Apple Watch available with a clasp and lugs in rose gold?,devices
Are bracelets available for the Apple Watch Series 3 with a gold clasp?,devices
How long is the charging cable for Apple Watch Series 1?,devices
How big is the edition of the Apple Watch?,devices
What is the bracelet width of the Apple Watch Series 3?,devices
How many mm is the bracelet width of the Apple Watch 1?,devices
Is the Sport Loop Bracelet with the Apple Watch included in the purchase price?,devices
Is the 38 Sport Loop wristband as wide as the 42?,devices
Can I make facetim calls on the Wi-Fi network using the Apple Watch (GPS only)?,devices
Is the Sport Loop Wristband suitable for swimming?,devices
Can I use the Apple Watch as a sleep-phase alarm clock?,devices
Is the bracelet suitable for taking a shower or even swimming?,devices
Show me smart watches from Apple in white,devices
In which colors is the Apple Watch series 3,devices
What data transfer rate does the Smart Watch 3 have?,devices
Does the Apple Watch support NFC?,devices
Which type of display has the smart watch from Apple&#39;s series 3?,devices
Which SIM (format) can be used in the Smart Watch Apple 1?,devices
Is the Apple Watch xx waterproof?,devices
Is Apple&#39;s smartwatch suitable for outdoor use?,devices
How big is the data storage of the Apple Watch 3?,devices
Does the smartwatch from Apple support UMTS?,devices
In which colors are the Apple watches available?,devices
What is the display size of the Apple Watch 3?,devices
How big is the Smart Watch Apple 3,devices
What is the resolution of the Apple Watch 3 display?,devices
Does the apple watch have a brightness sensor?,devices
How much time does the battery of the Apple Watch 3,devices
Which type of battery has the applewatch 3,devices
Is wireless loading of the Apple Watch possible?,devices
What contactless transmission options has the Apple Watch 3,devices
Does the Apple Watch have a GPS receiver?,devices
Does the Apple Watch have a hands-free feature?,devices
Does the Apple Smartwatch support voice commands?,devices
Which languages are supported by the Apple Watch?,devices
What navigation features does the Apple 3 Smart Watch have?,devices
Is a microphone integrated in the Apple Watch?,devices
Show me Apple Watch 3 LTE Alu 38 mm,devices
Which operating system is installed on the Samsung Gear S?,devices
What is the weight of the Samsung Gear S?,devices
Show me the dimensions of Samsung Gear S in mm,devices
How big is the datastore of Samsung Gear S?,devices
Is there a wireless charging station for the Samsung Gear?,devices
Show me all the speedports that are fiber compatible.,devices
How much does the MR 401 cost monthly and how many USB ports are available?,devices
Doro 5030,devices
Wiko WIM Lite,devices
which android devices are splash-proof,devices
which ios devices are splash-proof,devices
S7 2018,devices
black or blue galaxies,devices
green iphones,devices
Samsung in blue with at least 10 MP camera,devices
gray hat,devices
A3 (2017),devices
Cisco Router 892W-AGN-E-K9,devices
How many voip phones can be connected via a device?,devices
LG G7 ThinQ,devices
show with the Cisco SPA-2102 and the manufacturer,devices
What are the prices or tariffs of the Apple iPhone X 256 GB silver?,devices
How does call signaling work from the Sinus A 207?,devices
What are shortcut keys on the Sinus A 207?,devices
Is Sinus A 207 hearing aid compatible?,devices
How does call signaling work from the Sinus A 806?,devices
Does Sinus A 806 display date and time?,devices
What are shortcut keys on the Sinus A 806?,devices
Is Sinus 806a hearing aid compatible?,devices
Does Concept pa 415 display the date and time?,devices
What does dial preparation of the Concept PA 415 include?,devices
What does call waiting from the Concept PA 415 include?,devices
What does the plug-in power supply from the Concept PA 415 include?,devices
What is the redial of the Concept PA 415?,devices
What does announcement of the Concept PA 415 include?,devices
What does announcement text from the Concept PA 415 include?,devices
How many entries includes call list has Concept PA 415,devices
What is the illuminated message button on the Concept PA 415?,devices
How many entries includes caller list has Concept PA 415,devices
What does hands-free talking from the Concept PA 415 include?,devices
What is one-touch dial buttons on the Concept PA 415?,devices
How does call signaling work from the Concept PA 415?,devices
What is the R button on the Concept PA 415?,devices
Hat Concept PA 415 Anrufweiterschaltung?,devices
Does Concept PA have 415 buttons for Deutsche Telekom services?,devices
Does Concept PA 415 take over?,devices
What are speed dial keys on the Concept P 214?,devices
What are speed dial buttons on the Concept P 214?,devices
Show me all club phone with display for date and time.,devices
Show me all comfort with display for date and time.,devices
Show me all Comfort with the support of Deutsche Telekomit,devices
Show me all concept with buttons for services of Deutsche Telekomit,devices
Show me all Concept with conversation.,devices
Show me all concept with date and time display.,devices
Show me all Concept with the support of the services of Deutsche Telekomit,devices
Show me all Easy with automatic adjustment of the transmission power.,devices
Show me all Easy with the support of the services of Deutsche Telekomit,devices
Show me all sinus with earphone connections of about 1.0.,devices
Show me all sinus with USB of about 1.0.,devices
Show me all sinus with buttons for services of Deutsche Telekomit,devices
Show me all sines with date and time display.,devices
Show me all sinus with the support of the services of Deutsche Telekom,devices
Show me all sinuses with talk time of a maximum of 8 hours.,devices
List all IP phones with CLIP.,devices
With which VoIP software can I send SMS?,devices
Which IP phones have a built-in switch?,devices
Which IP phones can I mount to the wall?,devices
Which IP phones support the services of Telekom?,devices
Which ISDN system telephones have a Sindertonruf?,devices
Which ISDN system telephones have programmable keys?,devices
Which cordless phone has illuminated buttons?,devices
Show me all IP phones with illuminated buttons,devices
the Gigaset SL910,devices
Weight of the Gigaset SL400A,devices
Does Gigaset SL910 caller list?,devices
What is the material number of the Gigaset SL 910?,devices
How long does stand by time from the Gigaset SL910 last?,devices
How big is the handset of the giggaset SL910?,devices
concept 214  P,devices
I am looking for a Sinus A 206 Comfort,devices
How much is the phone 2001 Porsche?,devices
Show me sinus phones,devices
Which manufacturer is the Handy T-Plus 2?,devices
Does the Europa 20I have a hands-free function?,devices
How many messages can I store in the phonebook of the Concept PA 623i?,devices
How long is the battery life of the Easy C 11?,devices
Which T-Concept phone has a 2-color screen?,devices
I&#39;m looking for a T-Easy phone,devices
I need an Actron phone,devices
Can I connect the IQ-Tel 2 to the printer?,devices
Which functions does the Siemens Profiset 70 have?,devices
How much does the sapphire phone weigh?,devices
Are there Vitaphone phones under 50?,devices
What is the purchase price of the club phone 5 isdn?,devices
Is there the Vitaphone 1 in black?,devices
What color is the Vitaphon 11?,devices
How many pixels does the screen of Vitaphon 12 have?,devices
Does Vitaphon 2 have an AB?,devices
What kind of battery does the Trion 2 have?,devices
Does the Telly AB phone have a screen light?,devices
Has Trion 1 integrated an alphanumeric keyboard?,devices
What color does the Tarsis C have?,devices
What is the product number of Tarsis B?,devices
How many calls are saved in the caller list of the 2001 telephone Porsche?,devices
Show me the Tel 01 LX,devices
In which versions is the Vocaro available?,devices
How heavy is the handset of the Xitel?,devices
Hat das Xenio Lauthören?,devices
How long is the talk time at Telly AB?,devices
How much is the Tavio net?,devices
I am looking for a Sinus A 406 white with a SMS function of sending and receiving SMS (memory for 40 SMS) SMS linking of up to 612 characters (4 SMS).,devices
I&#39;m looking for a sine 43 ISDN base station,devices
Telekom Speedbox LTE 4 white,devices
TomTom digitization package,devices
How much does a digitization package M by Tom Tom cost,devices
I am looking for an alarm service data device,devices
I&#39;m looking for the Telekom Speedstick basic 2 black - Xtra Data,devices
CAT S60 black,devices
Huawai p20 pro violet,devices
galaxy S9 in blue as new,devices
How to order a Media Receiver 400 without a new tariff,processes
"Good day. My name is Müller, and I have a mobile phone contract with you number 55885588. We are moving from Münster to Beckum soon and I would like to ask you to note the valid from 01.02.2018 new address in the contract documents. The new address is: Steinstraße 7, 44145 Beckum. Thank you!",processes
Is there any privacy advice?,processes
What are the costs of talks from China?,processes
How can I postpone an appointment?,processes
router is broken,processes
What is the cost of taking my phone number to another provider?,processes
When was the marketing period for the action &quot;Old versus New&quot;?,processes
What do I have to pay attention to when conducting the interview,processes
Legitimation via passport?,processes
manual business transaction,processes
How do I finish a booking account?,processes
How do I react if the customer requests a refund?,processes
What do I have to consider if I want to terminate a tariff prematurely?,processes
Which return reasons are there,processes
"Hello, I have a question about my landline connection. Namely, I move in the near future and would like to know whether at the new address already have a connection or whether I have to apply for a new connection. Thank you and best regards!",processes
Where can I check if a bank code was given correctly?,processes
Where can I find instructions for resetting a speedport?,processes
Where does the customer get a return slip from?,processes
Who books KRG?,processes
What are our service promises,processes
Can I lock the option SpeedOn?,processes
How do I activate the HotSpot-Flat?,processes
can you make a wlan hotspot at home?,processes
Who processes employee rates?,processes
What to do with cell phone failure?,processes
Exchange Speedport,processes
How can I get my bill online access data?,processes
Special termination in case of death,processes
How do I book Spotify?,processes
Which APN settings do I need?,processes
Broken Speedport,processes
How do I lock third-party?,processes
When can I extend my mobile contract prematurely?,processes
How to order a FamilyCard,processes
How much does a contract take?,processes
How do I turn Easy Support on or off?,processes
Who books cancellations recovery offers?,processes
how to book blackberry solution,processes
How do I connect a Speedphone with a Speedport?,processes
How much is the Puk information?,processes
What are the dunning fees?,processes
How can I argue about the company philosophy,processes
When does the right of withdrawal begin with the purchase of a Speedport by distance?,processes
which requirements have to be met when the account change is requested,processes
When is the customer entitled to withdraw?,processes
activation sim card,processes
How is a provider change booked together with a move?,processes
How do I get the access data for the Magenta Cloud?,processes
How can I describe my contract to my mother,processes
How do I activate my new SIM card?,processes
How do I set up a call bar?,processes
How to register in the customer center,processes
How can I change the invoice medium in Carmen?,processes
Booking DayPass M LG2,processes
"I would like to specify a new address for my mobile phone tariff, but I only have the number of the CombiCard at hand. Is that still possible?",processes
How does Video Ident work?,processes
Can I change my address in the mobile phone contract if I only have the number of the CombiCard?,processes
Show me the tariff change matrix,processes
Where can I see the delivery status of my device?,processes
involvement in rv,processes
How can I activate the call waiting function?,processes
When can I renew a contract without a terminal?,processes
Where do I notice a cancellation,processes
How do I update the channel list of the Media Reciever 400?,processes
How is a new address transferred to the system?,processes
Which categories of benefits are available for credits?,processes
When can I downgrade my tariff?,processes
How do I order a digitizer box?,processes
How can I withdraw the Xtra balance?,processes
Is the replacement of a speed port within the warranty period free?,processes
How much does it cost to change from MagentaMobil L to MagentaMobil M?,processes
How can I cancel a rental device?,processes
Exists an overview of radio coverage abroad,processes
"Dear Sir or Madam, As I am moving soon, I have some questions regarding my current contract. Above all, I would first have to know if my new address requires a new telephone connection. What should I pay attention to?",processes
Return of defective equipment,processes
"Is there after my move, in my new apartment, where appropriate, the possibility to use other telephone companies in addition to her?",processes
How do I record a return,processes
How can I get my landline bills?,processes
what is a courtesy credit,processes
How does the customer receive his access data to the hotspot?,processes
When can I switch from my private client contract to a master agreement?,processes
How do I get new access data for my internet access?,processes
Number porting landline,processes
To which group of countries do the Seychelles belong?,processes
Change of bank account,processes
Are costs incurred if a debit is not carried out?,processes
How to make a credit,processes
How do I exchange a rental router?,processes
How can I book a FamilyCard?,processes
What data do I need for a company that wants to import a mobile phone number?,processes
where can I find a list of the individual discussions?,processes
Where can I find the service shipping tool,processes
"Hello, I&#39;m moving soon and therefore have a question regarding my landline connection: Does the new address already have a connection or can I take my landline also with me, although still no connection is available? Thank you and best regards.",processes
What should be considered in case of special termination?,processes
What access data do I need for VIVO?,processes
How long will the documents be stored at RechnungOnline Business?,processes
How do I switch off caller ID for outgoing calls?,processes
In which cases the legal right of withdrawal applies,processes
Where can I find the return slip?,processes
Which categories of third party providers can I specifically block?,processes
How much does a call diversion to my landline?,processes
What should be considered when booking GK contracts?,processes
Where can I find the state of my data volume?,processes
How do I get the access data for my HotSpot-Flat?,processes
How do I receive a return slip?,processes
Sim card activation in self service,processes
When can you advance your contract at the earliest? And how much is it?,processes
Where can I find the interview guidelines?,processes
What data do I need for a number porting?,processes
When can I apply for a resignation?,processes
What are the conditions for an installment plan?,processes
What is Wlan Call?,processes
What is the difference between Twin-Bill and Twin-Bill Pro?,processes
What is a defect within the warranty,processes
How can I unlock my BSP account?,processes
How does a resignation work?,processes
How can I get a refund?,processes
Is the phone number transfer from post to prepaid possible?,processes
how do I book more data volume,processes
Show me the Public Procurement Directives,processes
How do I book the DEL on my mobile phone contract?,processes
How can I check my DSL speed?,processes
How do I reset a router w724 ??,processes
"Is there my new address, ways to use a different landline than her?",processes
When am I entitled to a resignation?,processes
Where can I see the order status in the customer center,processes
Where can I find the IBAN converter?,processes
How do I use the 4-eyes principle?,processes
How do I deposit my Payback data?,processes
Which customer-first principles are there?,processes
Show me all the necessary order forms,processes
How do I book a cell phone protection letter for the customer,processes
How can I switch from computer help M to S?,processes
From what date does the right of withdrawal apply?,processes
When will an invoice be requested?,processes
How do I disable my mobile box?,processes
Which steps have to be taken into account in a number porting?,processes
What to do if customer reclaims a defective device,processes
Which devices are taken back to goodwill?,processes
How do I turn on Wlan to go?,processes
How much does a premature contract renewal cost?,processes
Change phone book entry,processes
Can the existing connections in my new apartment be used for my landline connection?,processes
Neufaktura,processes
How can I turn on Wlan Call?,processes
"Dear Ladies and Gentlemen, I&#39;m moving in March. Will my contract be kept, or will I have to pay extra there? My landline is important to me and that must work immediately. If that does not work, I would like to terminate the contract right away. Best regards",processes
We will move to another state this year and would like to use our fixed line connection in addition to business. What do we have to do for this? Are application forms available on your website?,processes
How do I set up a call diversion on the mobile phone?,processes
How do I configure a Speedport 921v?,processes
How do I book a rate change for old rates?,processes
How can I book Neufaktura?,processes
How do I set up the voicebox?,processes
"Ladies and Gentlemen, I&#39;m moving in a few weeks in a new apartment and would like to know whether in the new apartment already has a new landline connection must be available?",processes
What benefits in kind are won out of goodwill,processes
Which legal form contracting party,processes
How do I book the ice hockey option,processes
Terminate terminals,processes
I would like to change the address for my mobile phone contract and hope that it will be enough if I only have the number of my CombiCard for this purpose.,processes
How do I book Magenta ONE?,processes
Show me the IP sales help,processes
What are the steps to move a domain?,processes
How do I change my bank details?,processes
Return terminal,processes
How is the sim card activated by MagentaMobil customers?,processes
Who processes mobile check orders?,processes
How do I contact the Private Customer Mobile Hotline?,processes
To which address do I return a rental device?,processes
How do I cancel music streaming?,processes
Where can I find the guidebook for the privacy policy?,processes
What should be considered when moving within the building,processes
What is Buy &amp; Pick up?,processes
How are the hotspot access data from my landline?,processes
framework agreement alternately,processes
Show me all world options,processes
What happens to a prepaid credit when changing into a term contract?,processes
How much is a multi SIM?,processes
What is Wlan to go,processes
Does Wlan Call also work for free devices?,processes
how do I book a day pass,processes
how do I connect the router?,processes
What to do if the router flashes red?,processes
Which radio communication standard does the Bitron video smoke detector have?,smarthome
Can Zigbee devices be combined with SP S using a wireless stick?,smarthome
Show with wireless smart home sirens,smarthome
What are the dimensions of the eQ-3 water detector?,smarthome
What is the volume of the alarm from the eQ-3 smoke detector?,smarthome
What kind of power plug does the Smart Home siren have?,smarthome
Which home control standard has a SmartHome siren,smarthome
What dimensions does the Smart Home siren have without a plug in mm?,smarthome
What is the weight of the Smart Home siren (without battery),smarthome
Is the Smart Home Siren CE compliant?,smarthome
Show me available window sensors,smarthome
How is the power supply at SmartHome door / window contact optical,smarthome
How long is the battery life of the Magenta SmartHome door / window contact optically,smarthome
How big is the Magenta SmartHome door / window contact optically,smarthome
Which wireless standard has Magenta SmartHome door / window contact visually,smarthome
In which colors is the Magenta SmartHome door / window contact optically available?,smarthome
How is the Magenta SmartHome door / window contact optically powered?,smarthome
Which accessories are visually supplied with Magenta SmartHome door / window contact,smarthome
Does the Magenta SmartHome door / window contact optically have a reflector sticker?,smarthome
Are batteries magnetically included in the SmartHome door / window contact?,smarthome
Are batteries magnetically necessary for SmartHome door / window contact?,smarthome
Which battery type does the SmartHome door / window contact have magnetically?,smarthome
What is included magnetically in the scope of delivery of the SmartHome door / window contact?,smarthome
Is it also possible to switch off an active alarm with the Smart Home wall switch?,smarthome
How many active wall switches can I integrate into the smart home system?,smarthome
How many buttons does the Bitron Video wall button have?,smarthome
Are DECT ULE devices supported by Home Base 2.0?,smarthome
Are DECT Ule devices supported by the Telekom Speedport Smart?,smarthome
Which batteries does the Magenta SmartHome wall scanner have?,smarthome
How many parts does Magenta SmartHome have?,smarthome
Which devices are compatible with the 2nd generation Home Base?,smarthome
Which devices are compatible with the Speedport Smart Router?,smarthome
Is the Magenta SmartHome wall-mounted battery powered?,smarthome
What functions does Magenta SmartHome wall scanner have?,smarthome
Show me technical data for Magenta SmartHome wall scanner,smarthome
Which wireless standard does Magenta SmartHome wall switches use?,smarthome
Which adapter plugs are suitable for outdoor use?,smarthome
How much does an eQ-3 adapter plug weigh in?,smarthome
What is the operating voltage of the SmartHome adapter plug on the outside?,smarthome
Which home base do I need for the SmartHome adapter plug on the outside?,smarthome
Which router is compatible with the SmartHome adapter plug on the outside?,smarthome
Which HB is compatible with the Bitron Video Smoke Detector?,smarthome
Show me Bitron Video Smoke Detector,smarthome
Which routers support the Bitron Video Smoke Detector (V.2),smarthome
Which ZIGBEE devices are compatible with Home Base 1?,smarthome
Is Bitron Video Smoke Detector (V.2) compatible with second generation home base,smarthome
What dimensions does Bitron Video have?,smarthome
What is the sound level of Bitron Video Smoke Detector (V.2)?,smarthome
What kind of plug does the Bitron Video smoke detector have?,smarthome
Which house control standard has the Bitron Video Smoke Detector,smarthome
What are the dimensions of the Bitron Video wall button with plug in mm,smarthome
What is the standby consumption of the Bitron video adapter inside,smarthome
What is the (radio) range of zigbee,smarthome
How many devices does the ZigBee cube support?,smarthome
Is the Bitron Video Wall Switch battery-powered?,smarthome
What features does Bitron Video Wall Switches have?,smarthome
Show me technical data for Bitron Video Wall Switches,smarthome
Which wireless standard uses Bitron Video wall buttons,smarthome
What operating temperature does the Bitron Video Motion Detector have inside,smarthome
How long is the battery life of Bitron Video Indoor Motion Detector (V.2),smarthome
How many buttons has Bitron video remote control,smarthome
How much does a Bitron video adapter weigh in,smarthome
Is the case splash-proof from the inside of the Bitron video adapter?,smarthome
Which radio standard has the Bitron Video wall thermostat for underfloor heating,smarthome
How much does the Bitron Video door / window contact cost magnetically,smarthome
Which home bases and routers are HomeMatic IP devices compatible with?,smarthome
How many units does the eQ-3 adapter have inside IP?,smarthome
Is the eQ-3 adapter inside IP switchable with remote control?,smarthome
Which eQ3 door-window contact devices are currently available?,smarthome
Which radio protocols uses eQ3 door-window contact optically,smarthome
How many channels does the eQ-3 wall scanner have?,smarthome
In which colors is there the eQ-3 wall scanner IP,smarthome
How much does the eQ-3 wall thermostat IP cost?,smarthome
Can the eQ-3 IP Wall Thermostat be used with Homematic IP Access Point?,smarthome
What kind of battery does the eQ-3 wall thermostat IP have?,smarthome
How big is the eQ-3 wall thermostat IP?,smarthome
Which IP protection class does the eQ-3 wall thermostat IP have?,smarthome
Which radio is used in the eQ-3 indoor motion detector,smarthome
What is the power supply on eQ-3 outdoor motion detector,smarthome
In what colors is the eQ-3 smoke detector available?,smarthome
Is the eQ-3 water detector battery-powered?,smarthome
In which colors are the Sonos one available?,smarthome
in which colors is the Sono one,smarthome
Is there a radio stick with Quivicon standard,smarthome
What features does Sonos play 1 have?,smarthome
Does the Sonos play one have an LED display?,smarthome
For which operating systems the Sonos App is available,smarthome
Can you mount the Sonos play 1 on the wall?,smarthome
How many tweeters has the Sonos play 2,smarthome
How many bass / midrange have the Sonos,smarthome
How much do the Sonos weigh,smarthome
Is the surface of Sonos play 5 dull or glossy?,smarthome
How compatible are the Sonos play 5 with the old sonos devices,smarthome
Do Sonos products have Ethernet ports?,smarthome
Which SmartHome adapters for Merten are there?,smarthome
Which series can be used to integrate HomeMatic adapters for Jung flush-mounted switches?,smarthome
Which dimensions does the adapter Gira Standard have?,smarthome
For which brand switch is the Gira (System 55) suitable?,smarthome
Which adapters for Düwi / Popp are available,smarthome
Show me SmartHome Adapter for Busch-Jaeger Becker S1 Becker (Arsys) Pulse,smarthome
How much does the Philips hue Bloom (Solo),smarthome
How much watts does the Philips hue Bloom (Solo) consume?,smarthome
What&#39;s in the Philips Hue Bloom Starter Set?,smarthome
Which connector type does the Philips Hue Bridge have?,smarthome
Which energy efficiency class does the Philips Hue Bridge have?,smarthome
What kind of material does Philips Hue White &amp; Color Ambiance E27 LED Lamp have?,smarthome
Are batteries necessary for the Philips Hue E27?,smarthome
How much is the Philips Hue E27 Advantage Set?,smarthome
How many switching cycles does the Philips Hue LED GU 10 solo have?,smarthome
Which batteries are necessary for Philips Hue Go LED lights?,smarthome
What is the length of the Philips Hue GU10 Extension?,smarthome
What is the diameter of the Philips Hue GU10 Extension?,smarthome
Which price has the Philips Hue tap switch,smarthome
What is the weight of the Philips Hue Iris?,smarthome
How much is the Philips Hue Iris Starter Set?,smarthome
How long is the Philips Hue White and Color Ambiance LightStrip Plus,smarthome
Show me Philips Hue LightStrip extensions,smarthome
How big is the Nest Protect smoke and CO detector,smarthome
What dimensions does the indoor module of the Netatmo weather station have?,smarthome
Show with information about the sensors and dimensions of the Netatmo weather station,smarthome
Which Zussatzmodule are there for the Netatmo weather station?,smarthome
Which audio formats are supported by Google Home Mini,smarthome
Show me technical information about the Google Home Mini,smarthome
Which operating systems are supported by the v,smarthome
How much does Hi Magenta cost?,smarthome
How much does the smart speaker of Telekom,smarthome
Show me the dimensions of the Logitech Circle 2 window holder,smarthome
How long is the cable of the Logitech Circle 2 window holder,smarthome
Is there a plug-in adapter for the Logitech Circle 2 plug-in bracket?,smarthome
Does Amazon Echo Dot have Dolby Audio?,smarthome
Does Amazon Echo Dot Black have a Bluetooth audio input?,smarthome
how much does a hue lamp cost,smarthome
Netatmo weather station?,smarthome
What is the part number of Netatmo plug-in?,smarthome
show me alexa and the colors,smarthome
show me a lightstrip plus extension,smarthome
How big is the echo white?,smarthome
Show me the Bitron camera outside,smarthome
What color does the D-Link camera have?,smarthome
How hard is a camera from bitron?,smarthome
Show me all available radio standards for cameras from quivicon,smarthome
which outdoor cameras are available,smarthome
What color are the temperature sensors of eq 3?,smarthome
show me the temperature sensor of dlink,smarthome
show all smoke detectors for a maximum of 120 euro,smarthome
are there CO detectors for less than 100 euros?,smarthome
show me LED lamps,smarthome
Show me dectule devices,smarthome
Show me SmartHome adapter plug; which are compatible with HB2,smarthome
Does the SmartHome motion detector from DECT ULE work with SP S?,smarthome
Which devices support the radio standard DECT ULE?,smarthome
Show me SmartHome sirens.,smarthome
Which SmartHome siren are compatible with Home Base1?,smarthome
How much does the Magenta Smarthome siren cost?,smarthome
Does the Telekom have indoor siren batteries?,smarthome
How much is the Magenta SmartHome device package?,smarthome
Is the SmartHome smoke detector Dect Ule combinable with Home Base 1?,smarthome
How much does Meganta SmartHome Starter Package cost monthly,smarthome
Is the outdoor siren (ZigBee) compatible with Telekom Magenta SmartHome?,smarthome
CombiCard Smart Connect S,tariffs
Family Card Special Allnet (PK),tariffs
CombiCard Complete Mobil L,tariffs
CombiCard Combi Relax 60,tariffs
T-Online with monthly including more than 1240.08 minutes,tariffs
T-Online with monthly including at least 1115.93 minutes,tariffs
T-Online with monthly including a maximum of 508.85 minutes,tariffs
T-Online with monthly including less than 806.26 minutes,tariffs
T-Online with monthly inclusive minutes of more than 5897.68 minutes,tariffs
T-Online with monthly inclusive minutes under 3475.44 minutes,tariffs
T-Online with monthly inclusive minutes maximum 1930.39 minutes,tariffs
T-Online with MVLZ.,tariffs
T-Online with notice period of more than 8.05 months,tariffs
T-ISDN with notice period of more than 8.73 months,tariffs
T-ISDN with MVLZ of less than 16.72 months,tariffs
T-ISDN with MVLZ of more than 15.45 months,tariffs
T-ISDN with MVLZ of at least 19.31 months,tariffs
T-Net with MVLZ of less than 18.53 months,tariffs
T-Net with MVLZ of more than 17.59 months,tariffs
Magenta home with speed data usage FN of at least 107.9 Mbit,tariffs
Surf Eco with monthly inclusive minutes of more than 2312.78 minutes,tariffs
At home with speed data usage FN of at least 107.9 Mbit,tariffs
Xtra with bandwidth limit maximum 8.25 mb,tariffs
What maximum download speed does the MagentaZuhause L tariff support?,tariffs
What is the cost of setting up a mobile connection once?,tariffs
What is the timing in Magenta Mobile?,tariffs
Is it possible to surf for free in Greece?,tariffs
Which data packages can be booked,tariffs
At what rates can I book the All Inclusive option?,tariffs
When is a contract renewal without terminal surcharge possible?,tariffs
How long does it take to disrupt a home connection?,tariffs
How much is additional LTE for Magenta mobile?,tariffs
Support hybrid tariffs for private customers VoLTE,tariffs
What is the difference between Germany Lan IP Start &amp; Premium?,tariffs
When can I change from magenta home M to L?,tariffs
Which suppression service is standard?,tariffs
How long does it take for a connection to be disconnected?,tariffs
How many Data Comfort Free cards can a customer order?,tariffs
Show me the minimum suppression time for private customers,tariffs
Magenta one conditions,tariffs
What are the connection prices for the Asia option?,tariffs
How much do PK have to pay for calls to country group 3?,tariffs
what does it cost to talk to other EU countries?,tariffs
What is the delivery price for the MagentaMobil S?,tariffs
how expensive is the DayPack,tariffs
How much more does a MagentaMobil tariff including Apple Music cost,tariffs
what is the interference suppression time for PK,tariffs
How much does the StreamOn option cost?,tariffs
Which entertain tariffs are currently being marketed?,tariffs
What are the advantages of a For friends rate?,tariffs
What is MagentaEIN?,tariffs
Are there contracts without a fixed term,tariffs
What does VoLTE cost?,tariffs
Which MagentaMobil tariff has at least 2 GB data volume?,tariffs
What are the requirements for a Happy Plan?,tariffs
How much is the Huawei P8 lite in the MagentaMobil S?,tariffs
How much data volume does the MagentaMobil Business XS tariff have?,tariffs
how expensive is magenta ONE,tariffs
Is there in cell phone in black?,tariffs
Show me all smartphone tariffs with LTE,tariffs
Which tariffs can DoublePlay be combined with?,tariffs
Supports ForFriends 3G and LTE,tariffs
How do I book the Apple Music Try &amp; Buy?,tariffs
Which foreign options do I have to book for a Thailand vacation?,tariffs
What prepaid rates are there,tariffs
what does call &amp; surf allnet cost?,tariffs
In which tariffs can I order a new device once a year?,tariffs
Which packages or options do we offer business customers?,tariffs
are there any GKs for friends options?,tariffs
How long is the MVLZ in a mobile phone contract?,tariffs
How much GB data volume does the Magenta Mobil Premium tariff contain?,tariffs
Which option do I have to book to get all stations in HD?,tariffs
Who can order a call and surf rate?,tariffs
Which options are suitable for KUM and GK?,tariffs
In which Data Comfort tariffs can I subsidize a terminal?,tariffs
What is the difference between MagentaMobil and MagentaMobil Premium?,tariffs
Show rates with free HotSpot flatrate,tariffs
What is the special feature of the happy tariffs,tariffs
How much does the iPhone 6s cost with the Family Card S with mobile?,tariffs
Which tariffs do LTE and VDSL support?,tariffs
What is the cost of roaming charges for calls to India or Sri Lanka,tariffs
What do you pay for discussions after 22 clock,tariffs
What are the differences between the security packages S &amp; L?,tariffs
How much does the Speed Option M cost in the Magenta Home Hybrid S?,tariffs
How expensive is an EU Flat,tariffs
What do you pay for the fiber optic connection with magenta,tariffs
What are the costs of talking to China for GK?,tariffs
What employee benefits are offered by the MagentaMobil contracts,tariffs
When can I cancel my contract,tariffs
What sets the Business XS apart from the XL version?,tariffs
In which MagentaMobil tariffs is the Multi-SIM free?,tariffs
How many CombiCards can I book per contract?,tariffs
In which landline tariffs is the Hotspot Flat included free of charge?,tariffs
In which BusinessFlex tariffs is the option All Inclusive available?,tariffs
What is the difference between Family Card and CombiCard?,tariffs
Which tariffs have no bandwidth limit with 4 GB data consumption?,tariffs
how much is the delivery price for a landline?,tariffs
What is the difference between 1st and 2nd generation MagentaMobil?,tariffs
How long is the notice period of For Friends,tariffs
What advantages does m all-net have,tariffs
How much is the Dayflat unlimited option?,tariffs
Which contracts are particularly suitable for frequent callers,tariffs
What are the differences between the MagentaMobil S &amp; M tariffs?,tariffs
In which tariffs does a Galaxy S7 cost less than 100 euros?,tariffs
What foreign options are available for the Smart Day Pack,tariffs
how is the donwload speed at M On-Net,tariffs
In which mobile contracts the Hotspot-Flat is free,tariffs
What tariffs for families are there?,tariffs
what is the day pack 2,tariffs
How much does it cost to talk to MagentaMobil M in Turkey?,tariffs
Which employee contracts are offered with the option of a top-end device,tariffs
Which is the cheapest mobile phone tariff,tariffs
How many minutes are included in Call &amp; Surf Comfort Allnet?,tariffs
How do I book a family card?,tariffs
How much GB data volume does Magenta Mobile Premium have with the happy variant?,tariffs
Mobile radio which minimum contract term,tariffs
For which groups of countries are the free minutes of the Complete Contracts valid,tariffs
What do phone calls to China and Japan cost?,tariffs
How much is the family card?,tariffs
Which Predpaid tariffs can be used in conjunction with an iPhone,tariffs
Are there cell phones; support the WLAN calls and LTE or VoLTE?,tariffs
What are the costs of talking abroad in the EU?,tariffs
There are current promotions for home rates,tariffs
How much data does Speedon L have?,tariffs
In which tariffs can I add the CombiCard S?,tariffs
How many multi SIMS can I book?,tariffs
what does Magenta One cost,tariffs
How much do I have to pay for calls to Africa?,tariffs
Combi Card Data 1. Generation,tariffs
Are there any restrictions on Preselect?,tariffs
In which TV packages is the station 13th Street,tariffs
Make me an overview of the magenta home rates,tariffs
Is there an EVN for prepaid cards?,tariffs
How long is the notice period?,tariffs
Are there any special offers for teens,tariffs
Who is entitled to MagentaEINS?,tariffs
What&#39;s the difference between the Magenta Mobil L and Magenta Mobil L +,tariffs
How much does Magenta Mobil L cost with PK&#39;s top cell phone?,tariffs
How long do business customers have to wait for the suppression?,tariffs
Which countries does country group 1 cover?,tariffs
How much DSL speed do I need to book Magenta Home Hybrid S with Entertain TV?,tariffs
Can I keep the family card even though I cancel the main contract?,tariffs
What notice periods in MagentaMobil S,tariffs
what tariffs we recommend to students or Buftis,tariffs
Which cloud option is free in the Magenta Home L tariff?,tariffs
Who can get a Friends rate?,tariffs
Can I book a Lenovo with Magenta EINS?,tariffs
How much is the Travel &amp; Surf option?,tariffs
What is the cost of discussions in Country Group 1?,tariffs
How do I unlock Entertain Sky?,tariffs
How do I change to a For Friends rate?,tariffs
Magenta One,tariffs
Which suppression time do I have in the tariff DeutschlandLAN IP Start?,tariffs
From when does the cancellation period apply,tariffs
Magenta Mobile M or L,tariffs
How much is the Samsung Galaxy S7 edge in the Magenta Mobile M?,tariffs
How long is the cancellation period for postpaid contracts?,tariffs
There are current home actions,tariffs
how long is the life of Magenta Mobile business XS,tariffs
What does the Twin Bill option cost?,tariffs
What happens if the high-speed volume is used up?,tariffs
What are the advantages of Preselect?,tariffs
Business Travel Data,tariffs
Which promotions are available for new customers?,tariffs
Which data tariffs support LTE and have at least 10 GB data volume?,tariffs
Magenta M,tariffs
Troubleshooting for fixed network customers,tariffs
What is the difference between the BusinessFlex S tariffs with mobile phone and BusinessFlex M with mobile phone?,tariffs
What does Business XL option cost in the year,tariffs
How much is deducted monthly for Magenta EINS?,tariffs
What is Magenta Mobile,tariffs
How much is a call to the mobile network with the magenta home S?,tariffs
what are the costs of china talks in the tariff magenta eins or combi business xl,tariffs
What does voice over lte cost,tariffs
How much is Magenta Mobil M without a device?,tariffs
How much does Apple Music cost after the first 6 months?,tariffs
When is a contract renewal without a tariff change fee possible?,tariffs
How many CombiCards can a customer receive at most?,tariffs
What does TwinBill Pro cost?,tariffs
Are there contracts without a fixed contract period,tariffs
Is the tom 14 still available?,tariffs
How expensive is a phone call to the Seychelles,tariffs
Can I book a blocked APN with the CombiCard S?,tariffs
Which prepaid products are offered for tablets,tariffs
What does the additional option Fiber 100 cost and what is the minimum contract term?,tariffs
Which mobile tariffs the hotspot is included,tariffs
Which mobile phone tariffs are currently in the marketing?,tariffs
It costs ForFriends,tariffs
What do I pay for a telephone call to group 1?,tariffs
What is the cost of the security package S &amp; L?,tariffs
Which Magenta ONE business benefits are there?,tariffs
Magenta ONE requirement,tariffs
How do I book the FamilyCard Start?,tariffs
With what rates can I use HD Voice?,tariffs
what is the maximum suppression time at magenta one for business customers,tariffs
How much high-speed volume do I have with the MagentaMobil M?,tariffs
When do I have to cancel at the latest?,tariffs
How many Family Cards can I book for MagentaMobil M?,tariffs
When can I extend my contract,tariffs
How long is the minimum contract term for the security package M?,tariffs
Is Italy on the EU flat rate?,tariffs
What is for friends,tariffs
In which magenta home tariffs can I use VDSL?,tariffs
What to pay for providing magenta home,tariffs
How much GB can the customer use in the Data Comfort Free tariff?,tariffs
Which channels are stored in the package BigTV?,tariffs
Show me the cheapest contract,tariffs
what does the DayPass M LG2 cost?,tariffs
How many hours can I make a landline call on the weekend?,tariffs
What is the notice period for mobile tariffs for students and students?,tariffs
How many days is the Dayflat Unlimited option free?,tariffs
What is the additional payment for the Samsung Galaxy A3 (2017) in the Magenta Mobil M tariff,tariffs
"Dear ladies and gentlemen, it is about my landline connection with you. I&#39;m moving soon in Berlin and would like to know what I have to consider. Above all, does my contract, term or commitment change to two years? Thank you very much for your effort. Yours sincerely...",tariffs
What is the purchase price of the Speedport Hybrid?,tariffs
Is there a way to get out of Entertain prematurely?,tariffs
Show me options for frequent callers,tariffs
How expensive are discussions in the country group 2,tariffs
Which Spotify actions are currently available,tariffs
Which Entertain packages are offered,tariffs
How many free minutes are included in Call &amp; Surf?,tariffs
How much does Entertain TV Plus cost?,tariffs
How long is the life of magenta at home?,tariffs
In which tariffs is the Hotspot-Flat option free of charge?,tariffs
How much upload do I get in the maximum tariff Magenta home L?,tariffs
What do calls to asia cost?,tariffs
What is the monthly base price of the MagentaZuhause M tariff?,tariffs
Show me all tariffs for teenagers,tariffs
Which timings are there?,tariffs
How much do I have to pay for a call to Australia?,tariffs
Smart Traveller Paket,tariffs
How many WeekPasses are included in the Complete Premium contracts,tariffs
With which Magenta home tariff can I make free calls to Telekom mobile network?,tariffs
what is magenta 1,tariffs
Can the customer also use Voice over IP or Voice over LTE for Magenta or fixed network?,tariffs
What is the deployment price at Call &amp; Surf?,tariffs
Support landline rates for residential customers WLAN calls,tariffs
Which tariffs can be booked as Friends tariffs,tariffs
How much is the move in the tariff DeutschlandLAN IP Start?,tariffs
Which options have more data volume?,tariffs
Is it possible to set up a request number and minimum 10 e-mail accounts at MaxFlat M fixed network business?,tariffs
What email protocol are accepted by the BlackBerry Push Tariff?,tariffs
Show all t-mobile @home rates with 60/60 or 10/10 clocking,tariffs
How much MB are included in Turkcell Turkey Internet Option 500?,tariffs
How much speed do you need to book hybrid with Entertaintv?,tariffs
What timing does Xtra Handy DayFlat have and what does it cost per day?,tariffs
what does Apple Care cost,tariffs
Show me SMS Flatrate in all German networks,tariffs
Deployment Price of M2M Connect,tariffs
Show the deployment price of M2M Connect,tariffs
How many domains are there at DLAN,tariffs
Will Entertain also be usable on hybrid connections?,tariffs
Is SMS-Flat included with Special Complete Mobile with Handy Comfort?,tariffs
Show me Business Call &amp; Surf Mobile S with mobile,tariffs
Does BusinessBasic Complete Premium rates have a foreign flat rate?,tariffs
Show me Special Business Call &amp; Surf Mobile rates?,tariffs
View Special Business Call &amp; Surf Mobile (2nd Generation),tariffs
Which bandwidth limit does one have with the Business Call S rates?,tariffs
Show Special Business Call 100 rates,tariffs
is SMS Flat with Relax 400 with mobile phone (2nd Gen.) DTAG included,tariffs
show Special Business Complete Mobile with Handy Basic,tariffs
Show me tariffs with landline flat,tariffs
Show me tariffs with festnetzflat,tariffs
Is Festnetzflat part of the Special Business Complete Mobil XL?,tariffs
Show me Is there the BusinessFlex Data M tariffs,tariffs
is there the DeutschlandLAN Cloud PBX Pooling MSN Pure as a fixed network tariff?,tariffs
there is the BusinessCall Plus Mobile as a fixed network tariff,tariffs
There is the BusinessCall Plus 20000 as a fixed network tariff,tariffs
Does BusinessCall Advance (BCA) have an in-house fixed network flatrate?,tariffs
Does BusinessCall 501 have an in-house fixed network flatrate?,tariffs
Show me tariffs with Fremdnetz Flat,tariffs
Included with SK Complete Mobil XL with mobile journalists fremdnetz-flat,tariffs
Is included in the tariff Complete Mobile XL with mobile DTAG the foreign network flat,tariffs
Show me BusinessFlex Premium rates with my high speed volume,tariffs
Show me tariffs me highspeed volume,tariffs
Does one have hotspot-flat with the tariff Business Mobil XL Premium?,tariffs
Is there hotspot-flat on Business Mobil L Happy,tariffs
How many minutes are included in the BusinessRelax 500 fare,tariffs
How many sms incl. Are included in the Complete 120 Business with Handy Tarif,tariffs
How many sms incl are included in Complete Mobil XL Friends tariff,tariffs
Show tariffs with incl. Volume per day,tariffs
How much volume per day is included in the tariff BusinessProfi eco,tariffs
How much incl. Volume per day is included in the DeutschlandLAN Mobile Data Backup,tariffs
How much incl. Volume per day is included in the Prepaid DayFlat XXL,tariffs
Show tariffs with international flat rate?,tariffs
Is there a foreign flat rate for the BusinessBasic Complete Premium system connection?,tariffs
Show me MagentaMobil Start tariffs with start credit,tariffs
What tariffs can you get with credit card?,tariffs
Are there fares with weekend flat? Partially correct results,tariffs
Show me rates with weekpass,tariffs
Show tariffs with Wahlnetzflat,tariffs
Is a Wahlnetzflat in the Special Call &amp; Surf Mobile (2nd generation) tariff possible?,tariffs
show rates with volume discount,tariffs
Is there a volume discount on the BusinessCall Advance tariff?,tariffs
Is there a Flat Telephony on the Special Complete Mobile with Handy Comfort Tariffs?,tariffs
show tariffs to telephone in all German networks?,tariffs
Is it possible to make calls with the MagentaMobil XL DTAG to all German networks?,tariffs
Show me fare options for BusinessProfi Smart Traveler Plus,tariffs
which streaming services are supported by streamOn,tariffs
Show me BusinessPublic rates with sms flat in all networks,tariffs
Show me TwinBill Pro,tariffs
Show me Call 50 Business,tariffs
Show me Combi Flat M (mobile network) Business,tariffs
Show me Combi Relax 1200 Business,tariffs
Show me CombiCard L Business,tariffs
Show me CombiCard Car 10 Business,tariffs
Combi Card Data Comfort S Business (FN) (GK),tariffs
Show me CombiCard Komplet comfort XS Business,tariffs
Show me Combi Card Data Comfort L Business Premium (MF) (GK),tariffs
Show me KombiCard konnect L with complete advantages,tariffs
show Complete 1200 Business with mobile,tariffs
Complete M (mobile) business with mobile phone,tariffs
Complete XL Business (1. Generation) (GK),tariffs
Allnet Flat Business,tariffs
Complete Comfort M Business,tariffs
Complete Comfort M Business O365,tariffs
DeutschlandLAN Mobile Data Backup,tariffs
Data Comfort L Business eco (GK),tariffs
M2M Flex 24/36,tariffs
web'n'walk Connect Advance XL Eco,tariffs
web&#39;n&#39;walk Connect L advantage fixed network (RV),tariffs
web'n'walk Plus Try&Buy (RV),tariffs
MagentaEINS Business Workplace Basic,tariffs
MagentaMobil L Plus Business Happy,tariffs
Max Business VDA with mobile phone,tariffs
Max Flat M (mobile network) Business,tariffs
Data Comfort M Business Eco,tariffs
Relax 1000 XL Business,tariffs
Basix with mobile phone (2nd generation),tariffs
Call &amp; Surf Mobile XS with mobile phone,tariffs
Call &amp; Surf Mobile M Friends (landline) with mobile,tariffs
Call 50,tariffs
Call L Friends,tariffs
Combi Flat M Friends,tariffs
Combi Relax 1200,tariffs
Complete Basic M Friends,tariffs
Complete Comfort XS Flex,tariffs
Complete Comfort M Friends mit Handy Plus,tariffs
Complete Mobil XL,tariffs
Special Complete Mobil mit Handy Basic,tariffs
Complete (EU-Flat Plus) Premium,tariffs
Complete 1200 with mobile phone,tariffs
congstar Allnet Flat Plus,tariffs
congstar surf package,tariffs
congstar prepaid as I want,tariffs
congstar Smart M,tariffs
congstar Surf Flat 3000,tariffs
congstar starter pack for tablet,tariffs
Home Quick Start (Postpaid),tariffs
CarConnectivity 10,tariffs
Telly Data,tariffs
Mobile Data XL eco,tariffs
Mobile Data XL Premium,tariffs
DataConnect Exklusive,tariffs
web&#39;n&#39;walk Connect L advantage landline,tariffs
